[
{
  "model": "auth.permission",
  "pk": 1,
  "fields": {
    "name": "Can add log entry",
    "content_type": 1,
    "codename": "add_logentry"
  }
},
{
  "model": "auth.permission",
  "pk": 2,
  "fields": {
    "name": "Can change log entry",
    "content_type": 1,
    "codename": "change_logentry"
  }
},
{
  "model": "auth.permission",
  "pk": 3,
  "fields": {
    "name": "Can delete log entry",
    "content_type": 1,
    "codename": "delete_logentry"
  }
},
{
  "model": "auth.permission",
  "pk": 4,
  "fields": {
    "name": "Can view log entry",
    "content_type": 1,
    "codename": "view_logentry"
  }
},
{
  "model": "auth.permission",
  "pk": 5,
  "fields": {
    "name": "Can add permission",
    "content_type": 2,
    "codename": "add_permission"
  }
},
{
  "model": "auth.permission",
  "pk": 6,
  "fields": {
    "name": "Can change permission",
    "content_type": 2,
    "codename": "change_permission"
  }
},
{
  "model": "auth.permission",
  "pk": 7,
  "fields": {
    "name": "Can delete permission",
    "content_type": 2,
    "codename": "delete_permission"
  }
},
{
  "model": "auth.permission",
  "pk": 8,
  "fields": {
    "name": "Can view permission",
    "content_type": 2,
    "codename": "view_permission"
  }
},
{
  "model": "auth.permission",
  "pk": 9,
  "fields": {
    "name": "Can add group",
    "content_type": 3,
    "codename": "add_group"
  }
},
{
  "model": "auth.permission",
  "pk": 10,
  "fields": {
    "name": "Can change group",
    "content_type": 3,
    "codename": "change_group"
  }
},
{
  "model": "auth.permission",
  "pk": 11,
  "fields": {
    "name": "Can delete group",
    "content_type": 3,
    "codename": "delete_group"
  }
},
{
  "model": "auth.permission",
  "pk": 12,
  "fields": {
    "name": "Can view group",
    "content_type": 3,
    "codename": "view_group"
  }
},
{
  "model": "auth.permission",
  "pk": 13,
  "fields": {
    "name": "Can add user",
    "content_type": 4,
    "codename": "add_user"
  }
},
{
  "model": "auth.permission",
  "pk": 14,
  "fields": {
    "name": "Can change user",
    "content_type": 4,
    "codename": "change_user"
  }
},
{
  "model": "auth.permission",
  "pk": 15,
  "fields": {
    "name": "Can delete user",
    "content_type": 4,
    "codename": "delete_user"
  }
},
{
  "model": "auth.permission",
  "pk": 16,
  "fields": {
    "name": "Can view user",
    "content_type": 4,
    "codename": "view_user"
  }
},
{
  "model": "auth.permission",
  "pk": 17,
  "fields": {
    "name": "Can add content type",
    "content_type": 5,
    "codename": "add_contenttype"
  }
},
{
  "model": "auth.permission",
  "pk": 18,
  "fields": {
    "name": "Can change content type",
    "content_type": 5,
    "codename": "change_contenttype"
  }
},
{
  "model": "auth.permission",
  "pk": 19,
  "fields": {
    "name": "Can delete content type",
    "content_type": 5,
    "codename": "delete_contenttype"
  }
},
{
  "model": "auth.permission",
  "pk": 20,
  "fields": {
    "name": "Can view content type",
    "content_type": 5,
    "codename": "view_contenttype"
  }
},
{
  "model": "auth.permission",
  "pk": 21,
  "fields": {
    "name": "Can add session",
    "content_type": 6,
    "codename": "add_session"
  }
},
{
  "model": "auth.permission",
  "pk": 22,
  "fields": {
    "name": "Can change session",
    "content_type": 6,
    "codename": "change_session"
  }
},
{
  "model": "auth.permission",
  "pk": 23,
  "fields": {
    "name": "Can delete session",
    "content_type": 6,
    "codename": "delete_session"
  }
},
{
  "model": "auth.permission",
  "pk": 24,
  "fields": {
    "name": "Can view session",
    "content_type": 6,
    "codename": "view_session"
  }
},
{
  "model": "auth.permission",
  "pk": 25,
  "fields": {
    "name": "Can add echo",
    "content_type": 7,
    "codename": "add_echo"
  }
},
{
  "model": "auth.permission",
  "pk": 26,
  "fields": {
    "name": "Can change echo",
    "content_type": 7,
    "codename": "change_echo"
  }
},
{
  "model": "auth.permission",
  "pk": 27,
  "fields": {
    "name": "Can delete echo",
    "content_type": 7,
    "codename": "delete_echo"
  }
},
{
  "model": "auth.permission",
  "pk": 28,
  "fields": {
    "name": "Can view echo",
    "content_type": 7,
    "codename": "view_echo"
  }
},
{
  "model": "auth.permission",
  "pk": 29,
  "fields": {
    "name": "Can add wave",
    "content_type": 8,
    "codename": "add_wave"
  }
},
{
  "model": "auth.permission",
  "pk": 30,
  "fields": {
    "name": "Can change wave",
    "content_type": 8,
    "codename": "change_wave"
  }
},
{
  "model": "auth.permission",
  "pk": 31,
  "fields": {
    "name": "Can delete wave",
    "content_type": 8,
    "codename": "delete_wave"
  }
},
{
  "model": "auth.permission",
  "pk": 32,
  "fields": {
    "name": "Can view wave",
    "content_type": 8,
    "codename": "view_wave"
  }
},
{
  "model": "auth.permission",
  "pk": 33,
  "fields": {
    "name": "Can add profile",
    "content_type": 9,
    "codename": "add_profile"
  }
},
{
  "model": "auth.permission",
  "pk": 34,
  "fields": {
    "name": "Can change profile",
    "content_type": 9,
    "codename": "change_profile"
  }
},
{
  "model": "auth.permission",
  "pk": 35,
  "fields": {
    "name": "Can delete profile",
    "content_type": 9,
    "codename": "delete_profile"
  }
},
{
  "model": "auth.permission",
  "pk": 36,
  "fields": {
    "name": "Can view profile",
    "content_type": 9,
    "codename": "view_profile"
  }
},
{
  "model": "auth.user",
  "pk": 1,
  "fields": {
    "password": "pbkdf2_sha256$870000$g7HBpPZQxBi9nqjwQTkRKu$HPbwHi8Vq7c+lg9MJ1Yt8fQlqeuQl7r55Qu7ajs+SRE=",
    "last_login": null,
    "is_superuser": true,
    "username": "admin",
    "first_name": "",
    "last_name": "",
    "email": "admin@example.com",
    "is_staff": true,
    "is_active": true,
    "date_joined": "2024-11-07T12:10:43.938Z",
    "groups": [],
    "user_permissions": []
  }
},
{
  "model": "auth.user",
  "pk": 2,
  "fields": {
    "password": "pbkdf2_sha256$870000$JBY9LTO4VdXQ5nApmuGlVA$huJd/Y8CRbR6JTV02sahVNvSOl+3ylUDpiF5lFvITpA=",
    "last_login": null,
    "is_superuser": false,
    "username": "crystalparker",
    "first_name": "Michael",
    "last_name": "Johnston",
    "email": "jill18@example.net",
    "is_staff": false,
    "is_active": true,
    "date_joined": "2024-11-07T12:10:51.713Z",
    "groups": [],
    "user_permissions": []
  }
},
{
  "model": "auth.user",
  "pk": 3,
  "fields": {
    "password": "pbkdf2_sha256$870000$G22INFRSRrsgluWXZdUimz$dXct4+ba1VuCP1KXfGAx0Ri+ZLSrBgA2d5xVJEG5y6I=",
    "last_login": null,
    "is_superuser": false,
    "username": "carlosturner",
    "first_name": "Maurice",
    "last_name": "Zuniga",
    "email": "ghamilton@example.net",
    "is_staff": false,
    "is_active": true,
    "date_joined": "2024-11-07T12:10:51.915Z",
    "groups": [],
    "user_permissions": []
  }
},
{
  "model": "auth.user",
  "pk": 4,
  "fields": {
    "password": "pbkdf2_sha256$870000$QZ6i5QB4mwTNk6DUuyvXZw$RnWDQecknqxkES+uPAV9+oj3Aw8AlJOHbqb0vTsewaA=",
    "last_login": null,
    "is_superuser": false,
    "username": "karla65",
    "first_name": "Russell",
    "last_name": "Collins",
    "email": "hopkinsmichael@example.com",
    "is_staff": false,
    "is_active": true,
    "date_joined": "2024-11-07T12:10:52.114Z",
    "groups": [],
    "user_permissions": []
  }
},
{
  "model": "auth.user",
  "pk": 5,
  "fields": {
    "password": "pbkdf2_sha256$870000$8qBWkzvmL30K7Uqt7CADhN$Fnbo5n2JdAeE5s5AoO8kHGQNtH5rzy3e9TQqGrUrXG0=",
    "last_login": null,
    "is_superuser": false,
    "username": "lukegarza",
    "first_name": "Devin",
    "last_name": "Harris",
    "email": "moorerobert@example.com",
    "is_staff": false,
    "is_active": true,
    "date_joined": "2024-11-07T12:10:52.310Z",
    "groups": [],
    "user_permissions": []
  }
},
{
  "model": "auth.user",
  "pk": 6,
  "fields": {
    "password": "pbkdf2_sha256$870000$oT2Gi4Ub1lBEPhpjNuI5Dj$5ONLgNt5AC+TVUA6Bj8DxrawxUxhNOMf2lReta5Tyas=",
    "last_login": null,
    "is_superuser": false,
    "username": "rodney49",
    "first_name": "Christopher",
    "last_name": "Leach",
    "email": "bookerjames@example.net",
    "is_staff": false,
    "is_active": true,
    "date_joined": "2024-11-07T12:10:52.506Z",
    "groups": [],
    "user_permissions": []
  }
},
{
  "model": "auth.user",
  "pk": 7,
  "fields": {
    "password": "pbkdf2_sha256$870000$3ijdb78T2fp1yR3qpddjqw$sDmXdVu7V5ZZfT4BEbYQDAYKjFsLts/Ruq+hCfTEGu4=",
    "last_login": null,
    "is_superuser": false,
    "username": "kristinehammond",
    "first_name": "Brandy",
    "last_name": "Ayala",
    "email": "sherri84@example.net",
    "is_staff": false,
    "is_active": true,
    "date_joined": "2024-11-07T12:10:52.704Z",
    "groups": [],
    "user_permissions": []
  }
},
{
  "model": "auth.user",
  "pk": 8,
  "fields": {
    "password": "pbkdf2_sha256$870000$qW7kU8c05Jweg5AAKvNov2$+ir3u7e9pOEmuZyPccM1zsOiIQQIQC+PPncCJqwMg08=",
    "last_login": null,
    "is_superuser": false,
    "username": "nwagner",
    "first_name": "Bryan",
    "last_name": "Cannon",
    "email": "rcurry@example.net",
    "is_staff": false,
    "is_active": true,
    "date_joined": "2024-11-07T12:10:52.901Z",
    "groups": [],
    "user_permissions": []
  }
},
{
  "model": "auth.user",
  "pk": 9,
  "fields": {
    "password": "pbkdf2_sha256$870000$H5WH3NQTHvH5pzWrjGsXSe$mU1xpGbilPpK59/DvNqCt77+RLZ+Ckp/2tM7gBgIG08=",
    "last_login": null,
    "is_superuser": false,
    "username": "guerrajeffrey",
    "first_name": "Kimberly",
    "last_name": "Tucker",
    "email": "qodonnell@example.net",
    "is_staff": false,
    "is_active": true,
    "date_joined": "2024-11-07T12:10:53.096Z",
    "groups": [],
    "user_permissions": []
  }
},
{
  "model": "auth.user",
  "pk": 10,
  "fields": {
    "password": "pbkdf2_sha256$870000$KVS3wLH5VJovMY6N2ShdPk$U9PeY7fTFP32pLuhYfZBDp1v1lJKof5vb0Z/taMzQM4=",
    "last_login": null,
    "is_superuser": false,
    "username": "barkerbriana",
    "first_name": "Alice",
    "last_name": "Scott",
    "email": "mooneyadam@example.org",
    "is_staff": false,
    "is_active": true,
    "date_joined": "2024-11-07T12:10:53.292Z",
    "groups": [],
    "user_permissions": []
  }
},
{
  "model": "auth.user",
  "pk": 11,
  "fields": {
    "password": "pbkdf2_sha256$870000$UKVdVDD3TXrTI2aSj4VyPj$v0YTLfehtx3Ev4Hu0ipPvK47MWa1pADX4kFuuugzsAU=",
    "last_login": null,
    "is_superuser": false,
    "username": "marywalker",
    "first_name": "Tyler",
    "last_name": "Hopkins",
    "email": "hatfieldcraig@example.org",
    "is_staff": false,
    "is_active": true,
    "date_joined": "2024-11-07T12:10:53.489Z",
    "groups": [],
    "user_permissions": []
  }
}
]
