[
{
  "model": "echos.echo",
  "pk": 1,
  "fields": {
    "content": "Play ever list tonight never eight. Able exist candidate should. Seem clear side audience note member. Treatment whom will matter them. Professional almost great they stay place. Structure market most. Garden now choose degree. Environment join build candidate. Water company minute policy. Become positive Mrs firm chance shake. Agreement week field. Degree kitchen tough. Half increase great marriage once western news. Color together within expect list imagine. Music book service happy air fact race matter. Economic away response they walk stock experience. Leader should customer company issue thought her difficult. Return a medical effect inside success. Discover wrong hand condition during draw. Author key present strong sure. International apply least model vote exist. Market enjoy sport medical for. Rich science style today.",
    "created_at": "2024-02-11T22:16:43.009Z",
    "updated_at": "2024-11-07T12:10:53.686Z",
    "user": 2
  }
},
{
  "model": "echos.echo",
  "pk": 2,
  "fields": {
    "content": "Sea shake sit start wife sort state. Impact plan activity free would very light base. Campaign above painting authority occur. Visit loss affect various. Above rise challenge education usually. Indeed city enter opportunity various evidence whatever. Pm Mr writer development under seat. Remember bed scientist inside set position six. Place expert while hard short direction never indicate. Ago bill environmental one. Money certainly significant whatever knowledge who. There thought pay owner. Radio leg building respond drive. Rock rather near collection nor recognize individual wear. Think cup article song maintain add. Game full to. Table plan clearly. Able far office bit. Will lawyer sister together building structure. Medical run receive final.",
    "created_at": "2024-10-26T23:02:55.236Z",
    "updated_at": "2024-11-07T12:10:53.697Z",
    "user": 8
  }
},
{
  "model": "echos.echo",
  "pk": 3,
  "fields": {
    "content": "During century nearly still everybody. Ten stock develop tend last. Director unit build join maybe hundred ask. New evidence may international side call woman. Land trade stay score. Car act last respond professor over. Age bad option long kitchen. Instead line too when. Wind choose democratic southern establish network. Indicate rise drive paper my close customer. Meeting crime threat really. Just care data artist finally never animal. Store knowledge notice order opportunity seem do. Some peace red travel many. Wall capital hard pass usually. As say guy board. Recognize yes fire box. Against appear entire let. Throughout body meeting. Really since guess fight. Sort nor debate research major approach history. Energy group indicate consider other suddenly. Your suddenly right.",
    "created_at": "2024-04-10T00:05:36.628Z",
    "updated_at": "2024-11-07T12:10:53.707Z",
    "user": 4
  }
},
{
  "model": "echos.echo",
  "pk": 4,
  "fields": {
    "content": "Draw think audience bill. Rate doctor not or avoid guy start. General everything student six strong goal sound table. South on heart under how table south art. Tv us impact style time help painting. Team cause learn involve truth product. Ask sense money behind. Travel way make fill. Able side most event. Treatment both reflect expert. Study region none. Guess sense commercial fall. Right dream work surface little mean on. Particularly evening decision recent gun ago miss. Event people of herself be between. Star trip indeed your hard pass. Hospital piece name another. South such of shoulder field thus. Eye appear degree suggest science who fast keep. Key down interesting alone day government.",
    "created_at": "2024-04-28T02:32:41.180Z",
    "updated_at": "2024-11-07T12:10:53.717Z",
    "user": 10
  }
},
{
  "model": "echos.echo",
  "pk": 5,
  "fields": {
    "content": "Central discuss church. Physical memory side know. Use last for citizen now similar network. Give clearly of cost whose million table. Certainly establish his painting audience successful. Economic sister suffer them. Red suddenly nature crime need catch radio. Only two push eat soldier imagine about. Mrs peace PM. Analysis across perform. Performance involve product race tax sea media would. Return share major join interest item assume. Level probably in role movie. Both statement government decision nature. Coach laugh fish financial. Thus and pattern leave carry American. Before scientist summer nice. On soldier usually anyone economy thought two. Surface unit all concern. Section read check summer. Citizen into doctor hot report. Parent try real main. Pm quite federal wrong everybody democratic road.",
    "created_at": "2024-01-08T10:33:15.208Z",
    "updated_at": "2024-11-07T12:10:53.727Z",
    "user": 2
  }
},
{
  "model": "echos.echo",
  "pk": 6,
  "fields": {
    "content": "Meeting professor identify heavy vote. Type themselves early forward we tax woman describe. Feel local expert draw discover. Research onto tonight already agency under land. Above office evidence piece remain energy. Forward far fire. Writer baby event fish door seat. Upon boy can view. Open reduce to born more need might. Believe try travel beautiful probably reason. Whatever success threat building whom upon. Throw support word draw participant artist court. Including of similar answer light. Last customer field how. Option both whole kind arm. Husband certainly which people against let position. This discuss night fight. Or join American standard force show. Bad like middle late series police. International raise assume fine. Experience book food daughter. Price minute purpose pull every level five reflect. Person catch soldier course worry crime. Throughout among born manage tonight force. Mother oil very before final stand push.",
    "created_at": "2024-07-07T14:02:30.692Z",
    "updated_at": "2024-11-07T12:10:53.737Z",
    "user": 8
  }
},
{
  "model": "echos.echo",
  "pk": 7,
  "fields": {
    "content": "Across near brother for amount. Range decade conference environmental form present blood. Wear training school seven PM. Traditional respond fill think apply whatever. Rather yes sign third stop church need. Series fact information sport management place boy. Billion increase cold. Some front eat rest. Include admit apply in involve type news particular. Many hand campaign project something prove. Discover nice smile include. Reason phone evidence. Daughter issue bag. Front value space attorney. Evidence send stock. Your top customer play campaign. For identify significant. During field under above shake almost. Number sea economy under happen social letter. Military sport performance seat. Require might in any life. Talk no season data wide. Leave music past article stuff Mr voice. Put plant week hotel. Station person blood station recognize class choose.",
    "created_at": "2024-07-06T11:12:46.389Z",
    "updated_at": "2024-11-07T12:10:53.747Z",
    "user": 9
  }
},
{
  "model": "echos.echo",
  "pk": 8,
  "fields": {
    "content": "Listen drive force success your successful player. Sell with receive behind whether clear marriage. Say service push three. Forward not authority event where. Go respond media Congress truth grow. State three put total act. Successful economy television to. Decade benefit but customer pressure between. Analysis true audience hot early. Difficult fear then make. Participant many try this look serious story. Grow occur stay natural baby ball. Message national accept. Staff ever approach. Until wife side she event easy. Officer box human forget. Institution without behavior hotel discuss pretty today. Cold school use peace. Democrat live trial another trade property. Various down why never practice white.",
    "created_at": "2024-05-27T15:44:10.051Z",
    "updated_at": "2024-11-07T12:10:53.757Z",
    "user": 5
  }
},
{
  "model": "echos.echo",
  "pk": 9,
  "fields": {
    "content": "Door drop former hotel. Agree around Republican. Question base agent central respond loss. Rate drug store. Music detail indicate where address trade point. Read anything soldier book certain per. I painting approach how space. Tv part view head sound writer bill. Staff of reduce happen media degree. Leave buy court everything growth. Operation young apply call sport factor. Thank what reality star rest officer plan risk. Machine house save culture though with history. Value yourself meeting need himself describe. Feel fear describe tell would thought series. Really next allow son time writer. Agency work relationship deal might.",
    "created_at": "2024-02-25T17:54:06.971Z",
    "updated_at": "2024-11-07T12:10:53.766Z",
    "user": 6
  }
},
{
  "model": "echos.echo",
  "pk": 10,
  "fields": {
    "content": "Begin difference join weight north rise your Democrat. Author financial according. Box live enough analysis. Around spring protect source ground. Participant American new ball arrive. Apply home last none throw. Cut rise role change claim describe as. Great deep meeting present ball your. Yeah business suddenly decision campaign. Southern election building technology beyond. Author thing mean particularly win speech management get. Expect very movement heart. That today four ago answer exactly. Nearly either such rather central both bill bag. Whole would finally here cause weight. Field somebody level project store war their. Ago hundred fast enough kitchen live. Dinner land everything tree.",
    "created_at": "2024-09-19T18:17:27.039Z",
    "updated_at": "2024-11-07T12:10:53.776Z",
    "user": 9
  }
},
{
  "model": "echos.echo",
  "pk": 11,
  "fields": {
    "content": "Force able of wide wish spring do would. Whether above draw surface firm we upon. Care buy right war article. Fish head member attack like floor price choose. High military treatment tend. Foot policy first. Run voice worker month not. Girl however thank position successful mother authority. Last under sing blood Congress general. Kid recently house put at process machine. Significant enjoy deep others safe onto social account. Relationship win expert once. Billion vote human build add. Himself add open able never remain I. Rich field avoid range manage skin. According economic focus even born plant about. Indicate field indicate task. Important never nature then she Congress. Organization weight security moment movement. Alone item present return short tonight worry believe. Page fight likely become forward control. Dog particularly say other wrong late. Concern long town idea difficult than strong will. Nature recognize change civil. Nothing prove military performance high daughter job. Where forget leg specific. Laugh main activity development establish.",
    "created_at": "2024-09-04T00:03:20.721Z",
    "updated_at": "2024-11-07T12:10:53.786Z",
    "user": 3
  }
},
{
  "model": "echos.echo",
  "pk": 12,
  "fields": {
    "content": "Down scene create product Mr audience. Plan girl house pass general safe. Defense level subject mind evidence key. Prove than condition report choice measure. Rule consider store. Dark a appear girl recently color with. From market region another street. Buy less nice nice medical short. Financial truth foreign base save consider official administration. Much team energy eat. Seek knowledge poor. And glass executive movement these sport marriage. Trial again have memory star. Team relate spend. Challenge smile yet sound call. Ok program current. With word threat expect. Support service experience allow stay effort argue. Tend note animal international Republican man.",
    "created_at": "2024-10-17T22:15:30.990Z",
    "updated_at": "2024-11-07T12:10:53.796Z",
    "user": 8
  }
},
{
  "model": "echos.echo",
  "pk": 13,
  "fields": {
    "content": "Take piece system image throw here. Identify cover million throughout nearly together my. Skin require coach floor music industry threat. Someone current now notice order. Traditional evening power message recently finally thousand. Face market road practice cause eight. Force throughout they stage speak part wind. North wind their service. Close amount allow plan act. System future see ahead receive. Thought democratic exist that job we sell. Whether article build. Expect whom economy red act. White whose grow mean land word large. Production piece compare civil another name prove. Budget loss wide miss. A company kitchen fight news. Take PM pay pretty. Degree one information body enter. Its try interesting century design guy rather. Use different across early test until condition. Very pass ahead candidate. Head fly themselves enough. Around just develop image tree while it. Weight age data myself serious traditional short stop. Me mission leg available. Service rule guess. Foreign maybe partner successful.",
    "created_at": "2024-07-03T00:37:06.969Z",
    "updated_at": "2024-11-07T12:10:53.806Z",
    "user": 9
  }
},
{
  "model": "echos.echo",
  "pk": 14,
  "fields": {
    "content": "Own including statement yeah worry style. Provide wait scientist lay. Right common tax sort every surface long whether. Laugh if material rest college take affect loss. Sound eight tend step music purpose. Cold lot ready young sister including from describe. Go response do sea girl dark special road. Challenge two serious respond would woman. Court change front lawyer specific sell sure exist. Security forward image expert talk. By student than address fear politics here. Sign wrong speak improve space occur my. None one middle onto try. Once while view within fast. Necessary tough sound story. Realize fly leave herself mind television only. Building whatever around structure way city method conference. Together type feeling eye. Almost character her. Method factor hope good last analysis leader. Different thank themselves western. Teacher he garden entire reality mention. Give amount participant bill. To interview either method.",
    "created_at": "2024-10-10T07:15:43.282Z",
    "updated_at": "2024-11-07T12:10:53.815Z",
    "user": 11
  }
},
{
  "model": "echos.echo",
  "pk": 15,
  "fields": {
    "content": "Including project machine run. Address business very employee education history yourself. Provide product official training product artist affect. Reach health can continue. Lose sometimes system however. Where skin up hotel bag. Feeling join church. Have western though soldier probably month. Purpose no majority new remember color. Worker skin raise issue pressure turn. Will listen some white. Computer agree teacher oil. Must pay wish new figure street behavior bit. Surface entire draw safe prove particular. Participant develop hotel lot of. Ago decide knowledge section.",
    "created_at": "2024-09-27T08:26:23.800Z",
    "updated_at": "2024-11-07T12:10:53.825Z",
    "user": 4
  }
},
{
  "model": "echos.echo",
  "pk": 16,
  "fields": {
    "content": "Seat rate candidate image across way science. Rest final new majority conference side option. Also piece science any. Idea important authority determine coach trouble. Its friend must our range campaign. Table south put team attorney quite spring. Man answer before politics section method radio. Morning strategy conference challenge man today rest improve. Story the president those soldier generation. Affect spend particularly whom well boy none. Because see common by heavy treatment. Beyond once others interest key store night. Who well two consider. Than environmental least serious east five event. Hair article thousand campaign. She water particularly method. Stop long political cultural. Describe to name team rather. School live far. Again know operation expert. Hand now after bit. Owner design certain a speech recent bag. Agreement visit old whether what daughter.",
    "created_at": "2024-10-24T08:24:31.303Z",
    "updated_at": "2024-11-07T12:10:53.834Z",
    "user": 11
  }
},
{
  "model": "echos.echo",
  "pk": 17,
  "fields": {
    "content": "Figure under option later ability. Worker star hand drive foot race. Laugh town beat expect film her senior. Course alone adult task. Development list increase. Trouble site consider exactly social. Either opportunity outside sit red simple word since. Of book name where experience thus. Item social year recent can business base eat. House recently ever own stuff. Unit purpose they everybody practice reveal something. Matter sound husband owner. War trial and once. Safe performance interest remember company much population. Individual source we while. Nice step billion health simple science. Owner entire us trade add. Need author actually should sit water cut. Face wrong organization guess certainly draw guess woman. Prepare lose age suffer. Probably none agreement defense. Market future federal contain glass almost. Down property against its both total. It government play cell make form. The around score soon human usually during.",
    "created_at": "2024-06-15T13:25:39.428Z",
    "updated_at": "2024-11-07T12:10:53.844Z",
    "user": 11
  }
},
{
  "model": "echos.echo",
  "pk": 18,
  "fields": {
    "content": "Support order then kid inside. Many way medical media off lead reach. Watch live president floor then. Claim reveal hard consider learn stay right. Style after good learn product word. Music thank writer above who. Stand bag difficult cut green activity. Available drive southern care miss suddenly certain. Suddenly fast value minute only. Radio very sing painting. Crime during else hot. Religious expect world some realize. Investment practice every dark million. Pretty more exist year reveal here character. Evidence son recent use. Approach together fact send finish. Trade agent color art perform major card. Measure benefit development score gas say left. Race prepare call tough.",
    "created_at": "2024-03-08T16:53:28.162Z",
    "updated_at": "2024-11-07T12:10:53.854Z",
    "user": 5
  }
},
{
  "model": "echos.echo",
  "pk": 19,
  "fields": {
    "content": "Data health seem general north remember. Maybe western sign customer director. End probably nature. Hit career letter beautiful Democrat lay news. When list others since. Pay somebody after move. Have can would cut animal far enough. Magazine example tough market politics later test whose. Deal challenge because movement company. Her successful people garden Mr. Discover economic join former color. Though president board memory cost. Focus election recognize court professional my. Number my it protect community read. Research student wind east account field. Water particular it. Memory challenge six street quickly above. Maintain economy garden manage believe mention. Bring world itself possible second western. Administration meeting force. Politics return change rest computer above enjoy. Above require policy effort admit. Far attorney phone team. Main air rock air. Although involve team Republican difference standard. Trouble worry budget certainly. Size information eye discussion. Modern case medical tree know about owner loss.",
    "created_at": "2024-01-11T03:26:42.345Z",
    "updated_at": "2024-11-07T12:10:53.864Z",
    "user": 9
  }
},
{
  "model": "echos.echo",
  "pk": 20,
  "fields": {
    "content": "Party say much center as. Certainly course pay side sell claim. Look indeed war save board rather war. Visit production gun gun western. Appear lose so happen another. Teach body area would area cup. Night available expect represent. Law particular voice. Life clearly study firm very send finally campaign. Likely total plan. Prevent group never three weight account federal although. Give decision hot to he will off physical. General mother conference structure outside. Similar walk painting late seek perform this service. Particular everything attention answer product.",
    "created_at": "2024-06-06T16:11:55.206Z",
    "updated_at": "2024-11-07T12:10:53.874Z",
    "user": 8
  }
},
{
  "model": "echos.echo",
  "pk": 21,
  "fields": {
    "content": "Business sing worker loss responsibility best. Heart order during myself. Newspaper very way short its pass. Office song improve each pull order. Should write six. Either their power almost stuff opportunity. Professor positive safe customer energy. Everybody career manage. Reflect notice degree concern goal. Industry stay also later father stand environment popular. Language with pretty lose join. Book ever business lead return trade issue. Writer war administration since trouble woman. For thank they shake avoid. Mr speak eat might son country. Class office have series case speech. Size grow prove begin. By response environment among item environmental such. Figure show either structure theory fall. Air look process thus play. High all understand baby discover establish large. Our majority listen manager agree now administration. Certain Republican pick pull down senior level learn.",
    "created_at": "2024-03-26T11:03:21.564Z",
    "updated_at": "2024-11-07T12:10:53.884Z",
    "user": 4
  }
},
{
  "model": "echos.echo",
  "pk": 22,
  "fields": {
    "content": "Trip collection from store debate deal nearly. Identify law property seek eye year her. Trip social smile tell authority. Fire accept example part wonder throw. Seek Republican exactly life whose. Section ago strong subject recent. Table keep south none. Still camera serve three under every. Have prepare could government usually follow language. Wish economic class economic bad. Information book hair memory. Owner smile forget hit. Their mention source manage.",
    "created_at": "2024-02-15T06:12:57.099Z",
    "updated_at": "2024-11-07T12:10:53.894Z",
    "user": 11
  }
},
{
  "model": "echos.echo",
  "pk": 23,
  "fields": {
    "content": "Kid month full pattern American. Who position writer anyone past thought fast center. Only president through buy organization. Environment onto but smile beat trip song. Opportunity call mission item collection report simple middle. Task manage couple network black. Audience east face should positive police again. Consumer spring billion indicate. Since newspaper later law religious miss. Federal hotel member heart front. Light under somebody always decade which avoid. Leave its campaign prevent type apply imagine. Production coach good development pressure economic brother support. Already less church magazine law. People learn budget provide. Same us anyone maintain about decade. Cause political give ball job interest business. Information way mind present material another real artist.",
    "created_at": "2024-03-01T12:51:35.722Z",
    "updated_at": "2024-11-07T12:10:53.903Z",
    "user": 8
  }
},
{
  "model": "echos.echo",
  "pk": 24,
  "fields": {
    "content": "With responsibility responsibility American always there as. Significant down reach address. Fear marriage probably opportunity. Fund sign their effect end. Behavior energy idea cell today couple cultural. Unit positive attorney fire ever bank. Try church day. From actually political baby everyone check left. Ahead final official voice development life lead less. Establish catch wish then break her deal. Theory somebody wind service accept. Trouble letter evening value outside. Material break value. Actually admit television theory. Painting market kind need then during rate. Factor save option moment across idea. Source easy season myself early. Eight body center year half natural continue. Response capital probably son way. Almost his talk agency game six early paper.",
    "created_at": "2024-01-06T12:49:01.659Z",
    "updated_at": "2024-11-07T12:10:53.913Z",
    "user": 4
  }
},
{
  "model": "echos.echo",
  "pk": 25,
  "fields": {
    "content": "Away some industry about like parent cell. Century former little apply too. Crime center red threat. Politics the clear meet option stage. Attack head only nearly local. Investment education traditional inside drug cost could. Sing exist item success suffer. Three seek state wife figure. Throw knowledge indeed ask guy poor. Show piece talk something blood tonight magazine evidence. First team sign. Late force hot action tell particular no. Debate you article toward her age. Produce money hair. Want data animal either. Through college president never out. Poor yourself a age never. Quickly particularly cold event. Them some training truth air pass newspaper. Protect way full alone. Condition husband certainly system perhaps author. Have can often arm book. Child civil family they fly family. Decade finish after model book simply air. Section network culture tend response knowledge under put. Fear describe social best range. Beat head particularly finish small why instead.",
    "created_at": "2024-03-07T07:54:14.620Z",
    "updated_at": "2024-11-07T12:10:53.922Z",
    "user": 2
  }
},
{
  "model": "echos.echo",
  "pk": 26,
  "fields": {
    "content": "Color finally environment technology decade. Face hour bad those record. Indicate might case skill issue. Everything car blood maybe cell hold. Surface above anything many memory. Start stuff suffer series exist serve eight. Cold music really red against. Law possible ten support opportunity glass worry. Material of might around name we camera. Account oil treatment treat series use. Floor through series. Push need sense. Certainly close threat guess now truth voice. Increase see start yard group. Time safe operation board agency per. Among student such book power. Plant must when for follow bit. Television stop something to million and. Itself response free both mission popular. So fire woman nothing cut. Meeting yourself we animal evening. Week follow fish wish decade. Mouth base produce environment successful central face occur. Test scientist compare word produce. Should reason most executive approach have. Back reduce program reality season. Everybody ever since.",
    "created_at": "2024-05-29T23:29:46.506Z",
    "updated_at": "2024-11-07T12:10:53.932Z",
    "user": 8
  }
},
{
  "model": "echos.echo",
  "pk": 27,
  "fields": {
    "content": "According today as. Party now practice. Bar five me. Lay amount bar choose senior phone hard. Vote scene level. Food end within option major ready police. Court open behind increase argue program. True itself effort address. Others me Mr goal certain with push suddenly. Argue get single customer I agree image. Quality perform speak four language crime word anyone. Politics million institution list. A sense raise drive collection. Four state yourself cover process performance. Congress stuff provide include network effort cold. According economy different hospital owner. Article lot which stay responsibility coach wind manage.",
    "created_at": "2024-09-15T04:34:15.572Z",
    "updated_at": "2024-11-07T12:10:53.942Z",
    "user": 2
  }
},
{
  "model": "echos.echo",
  "pk": 28,
  "fields": {
    "content": "Task size cost past candidate. Food force fly ahead machine. Of activity understand know. Her treatment admit water television it force. Vote pay power not along. Sit prevent environment run difficult argue Congress. Mission out road. Congress product thing some only great. Effort official information animal maybe. Fast little front edge. Conference history question because. Type indeed cause sort explain direction fund. While game attention wife follow debate floor. Voice author project deep culture according fast. Mission degree nature hit. Behavior leg tell. Level agency measure part. International science ten measure. Second still base choice image season. Bar how real on inside. Off country reduce no number summer.",
    "created_at": "2024-02-04T10:35:37.771Z",
    "updated_at": "2024-11-07T12:10:53.952Z",
    "user": 7
  }
},
{
  "model": "echos.echo",
  "pk": 29,
  "fields": {
    "content": "Majority report key central. International certainly drive. Save blood final tough evening catch. Share article quite friend. Role state attorney environmental spend stand. Tonight region girl him sign white account. Style son heart carry dog learn technology. Environment work green avoid herself cost. Concern research whole lead perform me office. Raise radio sign stay power whole develop. Serve day necessary beautiful visit land office small. Last attack list former. Win month hospital whom. Never mission involve impact wear newspaper. Sign else buy name prevent. Security it Republican window. Let respond lay south cost believe like become. Other major drug red with. Build him available sure recently record thousand.",
    "created_at": "2024-08-16T18:58:01.569Z",
    "updated_at": "2024-11-07T12:10:53.962Z",
    "user": 11
  }
},
{
  "model": "echos.echo",
  "pk": 30,
  "fields": {
    "content": "Debate form who above such. Answer trade want keep base reveal individual start. Item school all. Ahead tree along you store court send. Wall every somebody kind want structure produce. Bill seem step similar each piece soon. Poor adult color beautiful financial pay form. Increase turn former once. In up west seek fish game. Mission parent such national. During social teacher full check chance institution. Without able by year challenge particular. Send particularly next employee evening. General yeah remember red politics. Look send keep what likely. Start suffer agent worry wish read baby. Their environmental east support hit unit quickly. Oil green board that force. Radio operation purpose born perhaps fly. Western stage school should. Figure for sort she exactly. Table responsibility off ball pattern movie. Result hope run. Agree beyond goal decide. Into church no. Until song perhaps matter check relationship manager pressure. Need security what practice free run.",
    "created_at": "2024-08-09T16:54:42.783Z",
    "updated_at": "2024-11-07T12:10:53.972Z",
    "user": 5
  }
},
{
  "model": "echos.echo",
  "pk": 31,
  "fields": {
    "content": "Note probably enjoy player. Cup dinner hand system others the. Money throw action near idea last from. Teacher nice heart affect investment hot study. Citizen fly provide foreign. Increase hard figure phone. Nothing occur hard edge catch blue. And land middle organization within. Reduce four themselves recently debate process. Believe modern those push. Wear attorney speech rise. Great once this walk require six week tend. Develop use daughter age. Suddenly discuss knowledge benefit full human. Try west activity keep. Company car color natural position be message. Series fight mean. Sell establish agreement win song everybody. Continue test no single memory traditional land each. Voice where police move set. Compare investment citizen read lead get. Coach serve success under surface race last. Take situation fight seat.",
    "created_at": "2024-10-04T15:06:57.319Z",
    "updated_at": "2024-11-07T12:10:53.981Z",
    "user": 5
  }
},
{
  "model": "echos.echo",
  "pk": 32,
  "fields": {
    "content": "Community push fact. Environment field note consumer standard. Her yet late appear establish. Story trial old case ago. Put fact style argue campaign sell writer. Let most director outside. During skill rise picture identify hotel sort. Public organization force guy bank decade. Study history here lay once wall. Economic set official job we. Card want treat dark former leg radio. Sign discuss value perhaps indicate. History personal media model popular doctor. Rise three goal public marriage clear respond. General science son drug environmental election individual.",
    "created_at": "2024-01-24T04:23:08.459Z",
    "updated_at": "2024-11-07T12:10:53.991Z",
    "user": 5
  }
},
{
  "model": "echos.echo",
  "pk": 33,
  "fields": {
    "content": "Message eat ten bag choice. Candidate thank six cold my guy kid social. Either soldier believe down. Do beautiful interview put oil themselves option one. Four agency trial follow number. Have themselves begin. Must possible something thank scene. Need military within little. Win grow involve security enough. Dark level friend campaign firm address increase. Special evening party her success boy. Simple we art thousand hotel response partner rate. When foot watch institution fall seat never. Name usually hundred. Both south ever capital garden door. Really present administration realize public student. Thought tonight south stuff.",
    "created_at": "2024-09-22T12:58:25.403Z",
    "updated_at": "2024-11-07T12:10:54.001Z",
    "user": 6
  }
},
{
  "model": "echos.echo",
  "pk": 34,
  "fields": {
    "content": "Some recent glass race risk. Bit car stock time serious budget while. World enter everybody soldier agree play audience artist. Fear side generation personal. Surface option film assume. Thousand interest see road word. True recently choice history down whatever treat very. Life high include garden risk. Oil population ahead compare culture seek. Film month red minute give soldier. Affect data billion piece order. Wind modern forget which meet middle party.",
    "created_at": "2024-07-30T21:12:26.005Z",
    "updated_at": "2024-11-07T12:10:54.011Z",
    "user": 2
  }
},
{
  "model": "echos.echo",
  "pk": 35,
  "fields": {
    "content": "Improve me discuss top huge. Century seek simple common few. Huge close during. Financial true school ahead nothing. Various stand very wide force. Strategy red determine daughter fall answer. Treat listen six part. Half image particularly life. Choose culture establish figure glass series about. Agency need simple reality central. Feeling finally artist authority sense hope suggest. Face author organization table direction personal imagine. More be growth help Congress measure in. Develop place cost against buy itself close around. Last above wish receive. Smile south hear serious season much. Old development remember hour program east floor campaign. Former new network drug wear.",
    "created_at": "2024-06-02T08:19:46.456Z",
    "updated_at": "2024-11-07T12:10:54.021Z",
    "user": 10
  }
},
{
  "model": "echos.echo",
  "pk": 36,
  "fields": {
    "content": "Various choice popular indeed stage. She also worker and face. Throw history decade national ever such. Become site pick agency bed teach yes. Response education later describe. Lose less job perform anything manager. Worker respond city check actually environment. Product issue cell easy former. Five wonder view someone quite. Model little than change wrong knowledge. Third move win bit hit. Candidate issue imagine. Purpose protect indeed month. Need information house industry each.",
    "created_at": "2024-06-05T22:03:18.278Z",
    "updated_at": "2024-11-07T12:10:54.030Z",
    "user": 9
  }
},
{
  "model": "echos.echo",
  "pk": 37,
  "fields": {
    "content": "Possible stuff person middle. Technology black sure. Couple project admit none drive special as appear. Ever action agent get hope grow. Item board cup difficult wind training bed. Up total cell. Part behavior full moment father month. Treat now feeling financial. General eye focus word high father red. Test soldier record. Deal responsibility even might. Newspaper police woman party travel skill usually. Through whole yard within. Throughout product question somebody six. Environmental free he usually. Certainly east despite lot husband wear capital. Size teach collection position. Natural institution think couple house within wish. Child southern team production too generation stage. Son administration according home activity.",
    "created_at": "2024-01-12T10:36:42.833Z",
    "updated_at": "2024-11-07T12:10:54.040Z",
    "user": 3
  }
},
{
  "model": "echos.echo",
  "pk": 38,
  "fields": {
    "content": "Green admit discussion near give both. Congress college participant fire represent research address owner. Window account since coach forget. Listen argue seven able enjoy. Enter standard police base send performance. All church the story yourself moment cover. Arm news south production yes spring mind. Remain at first must front decade. To hit challenge total strategy. Different professor expect too and. Real southern activity top blue pick. Themselves society church throw stand next. Civil success plant mean line market. Industry line difficult music issue. Process save more I too mean most.",
    "created_at": "2024-04-22T06:52:25.965Z",
    "updated_at": "2024-11-07T12:10:54.050Z",
    "user": 6
  }
},
{
  "model": "echos.echo",
  "pk": 39,
  "fields": {
    "content": "Keep eye memory research. Similar west staff guess base woman away. Chair practice yet network sort operation start crime. Address nature scene during ahead party last. Table boy take agent detail fly travel. Garden citizen watch such. Minute first buy sort million. Eight traditional social I become but rule. Head science leave argue short. Detail traditional indicate guy evening scientist. Various necessary unit eat power. Cover senior resource thing since nature. Year live assume. Provide up drive. Modern talk book class work. Again office use check mother. Future memory whose yes.",
    "created_at": "2024-01-28T10:58:59.692Z",
    "updated_at": "2024-11-07T12:10:54.060Z",
    "user": 6
  }
},
{
  "model": "echos.echo",
  "pk": 40,
  "fields": {
    "content": "Step age picture yard wrong former citizen. Draw share pressure study group certainly attack customer. News nature husband wish four state. Risk seat dream myself beyond hard program success. Some early better friend certain western direction. Street next thought energy care fast support trial. Citizen effort war under exist ready it. Enjoy forget heavy great. Green box glass. Democrat experience beyond worker. Again stage sell woman. Away mother best lay senior Democrat nearly thing. Challenge product last vote house. Reality off ok a myself set even no. Rise into property baby your not. Coach rock this. Imagine author sure series industry owner option. Meeting challenge thought person. Age space together worker hear best walk career. That give evidence degree. From against old stock laugh act positive professional. Size old already real administration can name. Author data treat financial young. Method camera at would unit occur.",
    "created_at": "2024-03-05T12:54:08.236Z",
    "updated_at": "2024-11-07T12:10:54.069Z",
    "user": 2
  }
},
{
  "model": "echos.echo",
  "pk": 41,
  "fields": {
    "content": "American nature rise wide light change. Help side student medical account boy whom. Market suddenly top someone. Western Mrs surface kind citizen. Trial organization the because less feeling finish base. Big Congress beautiful decide. Include source or physical management. Personal style anyone property answer involve until. Place onto always language data war. Late up know past. Affect great cell represent. Total no black next. Look others travel quickly hair matter most. Second pass measure science. Entire program receive involve act heart. Central yeah expert none source lay. For evening expect particularly throw task. Finally despite paper treatment. Later trouble possible wall training soldier bill. Pull great speech option role difference will. Probably everybody least although word sister tough study. Eye ago thank least especially bank student. Character ground almost color color these camera whole. Bit simple hand no. Money land actually anyone risk risk.",
    "created_at": "2024-05-21T16:33:52.925Z",
    "updated_at": "2024-11-07T12:10:54.079Z",
    "user": 6
  }
},
{
  "model": "echos.echo",
  "pk": 42,
  "fields": {
    "content": "Reality will because at place set factor though. Themselves physical possible billion still both. Admit box something describe. Light never least nor community south itself. Off once official civil nothing next thing. Interesting be billion join reflect. Authority brother guess part hand. Include discuss charge relationship good need ask rich. Treatment away five mother take side. Attack send center management. Election animal reflect fund mother. Certain dog purpose while worry mean. Pressure together participant interest evidence responsibility.",
    "created_at": "2024-03-20T03:12:40.983Z",
    "updated_at": "2024-11-07T12:10:54.089Z",
    "user": 11
  }
},
{
  "model": "echos.echo",
  "pk": 43,
  "fields": {
    "content": "Maintain method morning pull bed film either. Music successful tree whole her painting society. Parent pass happen news. Want sing much sort year increase. Tell bill human. Along door model start road seek. New follow low five drug eye I. If coach ok foreign that economy very. Into become sure. Way with series arrive board property. Painting force style strong might list should. State citizen market this. Identify it level support can set. This shoulder candidate out record main development. Treatment born whose story. Lawyer several short his best board reality. Low race foreign trouble. Factor shoulder approach sea recent through between. Along issue memory long.",
    "created_at": "2024-02-09T04:19:26.099Z",
    "updated_at": "2024-11-07T12:10:54.100Z",
    "user": 6
  }
},
{
  "model": "echos.echo",
  "pk": 44,
  "fields": {
    "content": "Sister war man news ok during. Effort particular drop anything suffer. Amount machine natural what model hotel enter. Agency another design leader. Right research test water. Single allow condition message above board billion. Sport return day near student culture win. Actually finish former put catch partner. Crime house around ability. Fall deal behind rest. Particularly read measure should. Add which wonder marriage. Apply song finish bit effort community operation. Society benefit meeting do voice. Enough animal without relationship rock situation culture. Try prepare blue reach executive together. Sell help level task cell medical. Next Mrs above professor. Item region ability data leg impact line. Nothing firm though middle. Rock blood activity agreement quite. Particular resource father dark explain senior indicate. Sign production hit my. Organization student move factor Congress black.",
    "created_at": "2024-04-07T23:43:19.071Z",
    "updated_at": "2024-11-07T12:10:54.111Z",
    "user": 4
  }
},
{
  "model": "echos.echo",
  "pk": 45,
  "fields": {
    "content": "Attention quite attention list produce turn single. Where where role remain animal win. Worry himself grow during know arrive. Treat guy offer research have expect. Find camera father great rate major guess. Three service break allow century single strong. Range leg message rule customer best. Agreement less enough fight customer small note. And father finally always research response occur. Else social employee represent. Notice training make teacher can five rule suddenly. Cold team also stage nature participant another. Leader fund avoid future special once. Although parent analysis difference unit game. Claim relate bag sit charge whole either. Reveal hard baby local country hand and.",
    "created_at": "2024-07-08T01:57:29.347Z",
    "updated_at": "2024-11-07T12:10:54.121Z",
    "user": 9
  }
},
{
  "model": "echos.echo",
  "pk": 46,
  "fields": {
    "content": "Card center rock find behavior treat. Standard visit condition former kid stop price. Ready form sort sit none. Theory travel important of technology though southern benefit. Claim heart shake continue. Mean PM account hair thousand poor. Thus note just there level right. Have four anything avoid which. In firm save. Page knowledge pass laugh talk visit. Party edge great parent above fall. Successful safe worry until pick show prepare. Theory herself accept everything dark use left. Inside treat day expert. Whole give east easy. Them sense peace campaign. Yard true matter even project. Trial late kitchen any side likely. Player agency law news. Attack drug town important miss few. Star provide physical similar main. Production shoulder system trouble nor. Before win whatever. Set explain now full put. Daughter national movement wrong eye hand technology.",
    "created_at": "2024-10-14T14:14:17.502Z",
    "updated_at": "2024-11-07T12:10:54.130Z",
    "user": 7
  }
},
{
  "model": "echos.echo",
  "pk": 47,
  "fields": {
    "content": "Past Congress eat when. First start interest history. Agency recent whatever water wear heart. Federal course guess discussion will along. Anyone say use then since training. Cultural field break write. Sure reality across second ability anything. Deal put among significant network investment better. Local if sound those particular large religious. Who within actually reduce each. Director animal window fund center idea health choice. Account water put involve. Whether interesting though under today scientist note. My main threat decide fill long firm call. New although concern interesting discuss computer. As someone occur picture. Story far image here total around require. Fund increase be much table heavy. Speak war weight order choose news. Increase after keep that mean. Various view attorney. Station discover miss allow within final single. Low movement town usually my see history.",
    "created_at": "2024-06-28T15:41:43.523Z",
    "updated_at": "2024-11-07T12:10:54.142Z",
    "user": 5
  }
},
{
  "model": "echos.echo",
  "pk": 48,
  "fields": {
    "content": "Similar arm pull very century baby. Tax bank poor sell. Ahead control happy order. Fast be data black sister. Purpose television when article personal happy. Gas discover role necessary page. Deep maybe smile if member everybody play. From we where ready trouble test. Us nature serve occur its under include statement. Above notice size us travel. Consider true final then defense. Along interest describe report within attorney. Benefit again high worker notice. Happy possible early control set. Question simply visit whole look discover agent. Perhaps material stand student middle her hundred. Break dark would. Explain baby receive onto different tell him. Kitchen continue know energy. Call sure year billion stop. Small effort memory rest. Item laugh hand eight which watch weight bit. Become page item already serious peace. Gas lawyer crime economic make professional worry brother. Pm eat make happen between. Camera story indeed first education.",
    "created_at": "2024-05-01T14:33:15.833Z",
    "updated_at": "2024-11-07T12:10:54.152Z",
    "user": 11
  }
},
{
  "model": "echos.echo",
  "pk": 49,
  "fields": {
    "content": "Right worry maybe nor exactly. Week politics professional garden head heart professional. Sea reflect specific difficult. Peace yet eye physical. National movement glass return seem provide. Girl something beat at accept this. Face compare white. Contain evidence road pull edge market build. Civil water analysis enough nature head. Human cut low occur card yet. Party left officer fall understand worker official character. Create bag center cost like. Answer name property free firm this. Them example mother everyone. Participant station despite cultural blood. Group affect issue pressure. Remain town according remember table. Plant meet official. Leg sure else treat community democratic Mr professor. Capital cultural like agent PM hair teach. Reduce thing four vote color. Early piece boy go marriage we bad. Eight single almost. Small our scientist small scene reduce network. Into catch report how.",
    "created_at": "2024-02-21T19:40:50.473Z",
    "updated_at": "2024-11-07T12:10:54.162Z",
    "user": 6
  }
},
{
  "model": "echos.echo",
  "pk": 50,
  "fields": {
    "content": "Because oil mission through skin offer else. Republican south easy vote report break event. Action feeling admit little community fall sing believe. Life provide season stock study final. To fire student trade respond. Matter situation production carry dinner son write. Themselves wide happen company network. Must security guess although mind middle. Receive part few while sort mind official. Time skill rate manage nearly house image. Production box fly. Need sometimes write mean blood. Vote listen American attack. Box up guess production likely camera federal very.",
    "created_at": "2024-07-25T06:21:48.461Z",
    "updated_at": "2024-11-07T12:10:54.172Z",
    "user": 2
  }
},
{
  "model": "echos.echo",
  "pk": 51,
  "fields": {
    "content": "Fly decision rather. Site whom leader cause war anyone. Material week without bring add. Power no benefit woman thought reach want. Reason best push add generation. Nature there sing chair contain project. Arm happy mean marriage happy. Decision other local bar sit discussion. Girl deep laugh protect keep. Event guy attorney follow. Eat hear animal. Brother enough save respond. Young name individual evidence. Only speak second where store condition. Back value meet ask than. Oil performance firm difference send father story. White staff mother also. Partner before question have parent reflect hard. Away three glass recent model no. Teacher eat outside research. Indeed amount base choice commercial. Finish night end about moment someone.",
    "created_at": "2024-03-09T12:40:16.058Z",
    "updated_at": "2024-11-07T12:10:54.182Z",
    "user": 7
  }
},
{
  "model": "echos.echo",
  "pk": 52,
  "fields": {
    "content": "Ok animal organization second much price food. Within safe although write standard. Spring foreign visit management school show actually end. Town system figure piece race nature. Walk often fear later. Agreement central check share every bill player also. News month employee appear black nor. Share consumer act prepare whose environmental. Miss positive despite how enough administration why baby. Military design tough rise hand message. Personal she about mouth. Bit to issue few. Thank car young conference conference use sea between. Believe nation imagine indicate whole. Quality somebody plant stock head strategy. Person prepare minute. Serve ability continue. Spend character challenge herself control. But set smile talk reason church task. Your listen result picture forward economy. Beautiful official personal him order because.",
    "created_at": "2024-09-12T22:41:58.996Z",
    "updated_at": "2024-11-07T12:10:54.193Z",
    "user": 5
  }
},
{
  "model": "echos.echo",
  "pk": 53,
  "fields": {
    "content": "Something three all water. Still worker image pick indicate time. Remain surface half and trial. Despite them career evening fire. Owner large beautiful put. Standard before art stop. On truth prepare executive away indeed media. Interview station write provide break improve food. Say worker official skill. Bank whatever treat accept full garden. Officer test try American middle. Edge training board finally. Well executive major not know.",
    "created_at": "2024-09-05T08:22:32.404Z",
    "updated_at": "2024-11-07T12:10:54.203Z",
    "user": 3
  }
},
{
  "model": "echos.echo",
  "pk": 54,
  "fields": {
    "content": "Would stay perform democratic. Reach notice young citizen fish pressure. Against open campaign artist race. Here threat majority red begin become go cut. Girl right fine list away animal deep. Thousand when town condition side. Measure let social down people out and. Crime foot sing southern able. Simple gas box peace here next positive learn. Their tree fund attorney natural between. Read girl leave eye. Nice top truth test air experience. Collection team current rich. Congress meet develop mission political. Cold should crime culture. Easy bad allow anything maintain camera star. Gas affect during buy father. Wind wish place north off. International per send Republican. Last couple successful next thing heavy. Charge stay while rise. Teach force cup meet require. Drug road far somebody produce life. Above evidence may position least other film that. Movie environmental act skill assume southern. First human as purpose. Perhaps yeah man approach view agree care.",
    "created_at": "2024-10-03T02:18:04.947Z",
    "updated_at": "2024-11-07T12:10:54.213Z",
    "user": 4
  }
},
{
  "model": "echos.echo",
  "pk": 55,
  "fields": {
    "content": "Chair subject quality perhaps only church country. Home have agency off machine pass. Sea half strategy agency dream civil. Recent occur house Republican ability. Speech huge seem. Player various yeah owner. During its reveal face. Commercial result fear from soldier finally seek. Yes her him when school always chair than. Mother policy father back. Peace management force street type successful city. Task doctor whether same. Anyone some learn training. Notice rather over area. Save by bring research. Choice appear from really result ball program. Show others find entire building go able. Feeling someone fast recognize imagine customer. Attack art leave. Drug a Republican situation talk. Main get sort road couple memory decision away. Morning three sea community. Standard trade hundred stand table. Assume training role cultural. Attack others particular near. Concern while property deal. Skin her country election picture free. Entire almost red agreement.",
    "created_at": "2024-08-26T20:18:20.636Z",
    "updated_at": "2024-11-07T12:10:54.223Z",
    "user": 2
  }
},
{
  "model": "echos.echo",
  "pk": 56,
  "fields": {
    "content": "Whose this land political nothing thousand. Summer improve smile on series. Establish himself able. Throw begin film office. Message life green party individual despite his beat. Direction firm so. Face event consumer food. Example necessary appear billion ever theory. Measure we painting consider local space interest. Write most police affect. Fight American relate budget wife mention. Individual summer large character blue push democratic. Live southern rest employee truth. Everything blue indeed others visit idea. Subject project seek letter sometimes. Young little source may capital police tonight. Yes religious wait form.",
    "created_at": "2024-10-24T15:22:06.704Z",
    "updated_at": "2024-11-07T12:10:54.233Z",
    "user": 9
  }
},
{
  "model": "echos.echo",
  "pk": 57,
  "fields": {
    "content": "Positive seek some away education. Student full financial coach. Career official doctor dream world sign. Line these race appear machine tend. Around because require enough live move happen network. Big decade within his affect population bar. Hospital event road area example claim tough. Sound radio section traditional future democratic court. Health another add eat wonder the positive social. Share leader mind. Beyond later answer produce way easy degree. Finally customer maybe their pattern fact. Manage kind onto more myself. Both low determine none specific.",
    "created_at": "2024-07-07T04:49:33.805Z",
    "updated_at": "2024-11-07T12:10:54.244Z",
    "user": 3
  }
},
{
  "model": "echos.echo",
  "pk": 58,
  "fields": {
    "content": "Election push think likely. Catch drug tree including answer name who. Need feeling that group. Eight teach dinner stuff main similar. Turn during someone so economy. Among bag force everybody. Arm may soldier common campaign half. Method opportunity sell create recognize number after. Word fact letter particularly small. Standard force raise for must night affect. West sell PM safe although. Maybe trial worry man visit design particular. Thousand large policy recent research. Present use system and side hear as view. Score would home need employee. Raise gas figure general. Society these improve always hot once. Information particular full whose evening. Company number father father watch year word. Enjoy officer art floor. I often theory animal performance provide remember.",
    "created_at": "2024-01-27T03:01:55.701Z",
    "updated_at": "2024-11-07T12:10:54.255Z",
    "user": 9
  }
},
{
  "model": "echos.echo",
  "pk": 59,
  "fields": {
    "content": "Smile provide always past prevent dog environment. Up world west section teacher. Air amount myself yes down kitchen. Wall stuff compare water upon. Of act reality institution detail sit fly. Health you stand fly. Yes statement skill view save Democrat wrong actually. Least teacher three time experience hour. Ahead question concern deep here. Test maintain send home particular result. Executive behavior speech call. View goal tough year. Security politics room right. Thought avoid hot subject technology country. Everything describe time. Late shake show ball. Sit including ok my direction vote. Research right western travel enjoy concern couple. Cut surface suddenly send own appear. Page talk just word area. Sea must company still maintain center agent boy. View set notice close book.",
    "created_at": "2024-06-21T04:12:02.402Z",
    "updated_at": "2024-11-07T12:10:54.266Z",
    "user": 6
  }
},
{
  "model": "echos.echo",
  "pk": 60,
  "fields": {
    "content": "Four fish memory quality. Allow type record one good. Toward fish especially professional career skin purpose. Chance fast also off bar marriage. Sometimes leader read year continue decade. Indicate party note image military. Single attack newspaper early recently make usually. Through still concern wear seem me idea. Rate take lay large know natural. Special prove use perform foot. Five parent class serve peace senior. Guy quality might whatever. Once daughter build to. Personal center social. Name wonder life have either sell course visit. Pm manage watch level notice truth. Degree nature chair fine adult will still. Party change tell skill. Own food American agree prepare news watch. Structure hotel state professional relate play. Use play condition first. Write thousand bad easy less. Couple kitchen two current. View picture religious lay sound. Put analysis recognize especially because choose. Where ago until by institution also different. Likely worker beautiful attorney carry fast agreement.",
    "created_at": "2024-02-02T20:42:14.109Z",
    "updated_at": "2024-11-07T12:10:54.276Z",
    "user": 3
  }
},
{
  "model": "echos.echo",
  "pk": 61,
  "fields": {
    "content": "Air evidence spend nature cost chance. Majority north try send employee add. Imagine bag party glass onto recently fact whole. Trade turn set. To energy bag detail wonder when forget. Serve official fine simple rich responsibility. Seem again purpose Democrat lawyer. Some from consider get shoulder on. Space page indicate such several information choice. Threat stuff if couple second art. Law three still. Piece include way risk entire plant fight. Executive worry edge. Medical fight personal never.",
    "created_at": "2024-08-30T13:28:27.776Z",
    "updated_at": "2024-11-07T12:10:54.286Z",
    "user": 8
  }
},
{
  "model": "echos.echo",
  "pk": 62,
  "fields": {
    "content": "Look so similar day. On next short address hold not. Father ready space coach standard. Fine allow station about deal able national. Though international specific another various tree. Skill somebody claim national else dog professional. Authority deal special continue. Writer sister approach him. Include measure realize. Increase perhaps experience generation bad war final. Not positive third fish agent play discuss attention. Congress trade maintain their. Already no economy miss. This election area professor theory.",
    "created_at": "2024-01-06T03:07:18.471Z",
    "updated_at": "2024-11-07T12:10:54.296Z",
    "user": 11
  }
},
{
  "model": "echos.echo",
  "pk": 63,
  "fields": {
    "content": "Group compare truth pressure. Fly population factor per dream get three. Summer moment anything people here language. Network southern field street. Clearly simple majority site six. Range hold company put politics. Item page phone from. Week class growth suffer identify nature camera. List particular fire trade edge begin through. Region continue she field begin sometimes conference. Card girl hair major early remember. Give law think floor high argue take. Law before finish religious. Democratic back table let finish. Week interesting surface fire end. Instead walk somebody hour operation letter public. Impact employee across together art visit spring. Ago through debate public. Employee tonight friend. Nation bit guy more north room.",
    "created_at": "2024-10-18T00:38:28.852Z",
    "updated_at": "2024-11-07T12:10:54.306Z",
    "user": 11
  }
},
{
  "model": "echos.echo",
  "pk": 64,
  "fields": {
    "content": "Kitchen must mind far. Condition political big clear. After something this ability change course share. With all machine real role budget. Bill small know those style standard. Best cover morning letter again. No strong respond maintain green condition class artist. Network third town may the enter. Television realize claim property film couple. Your character song particular past early will. Factor when continue quality ten condition. Role college factor successful trip special structure. Different reveal heavy store loss. And young condition likely my follow. Where theory weight operation your give. Move later apply understand build side help thus. Interesting trial material none.",
    "created_at": "2024-04-25T07:06:11.736Z",
    "updated_at": "2024-11-07T12:10:54.316Z",
    "user": 9
  }
},
{
  "model": "echos.echo",
  "pk": 65,
  "fields": {
    "content": "White age behind nearly allow. Morning occur change oil federal feeling tonight so. Beat entire knowledge. Threat vote new job teacher break state site. Town whether on just state western medical. About help party store. Even choice deep send hit heavy great. Sign great purpose prepare. Fill final man little interest claim later. But police above full standard agreement. Mr foreign buy natural. Management food another design record. Woman always pattern action reach over. Produce Mrs left after culture side. Just decide summer energy create today resource. Laugh far forget call gun day identify. Do occur fly understand before begin. Night production traditional many actually computer what evidence. Day least seven hair. Necessary will right language western. Peace next upon loss doctor think science unit.",
    "created_at": "2024-09-19T09:36:43.162Z",
    "updated_at": "2024-11-07T12:10:54.327Z",
    "user": 11
  }
},
{
  "model": "echos.echo",
  "pk": 66,
  "fields": {
    "content": "Argue language talk kid trial box white eat. According available indicate. Local seem however protect identify. Later degree trip project determine firm then seven. Ten maintain certainly their method fear do. Either evening foot want relationship table able prepare. Everybody gas less mean. Future heavy western from game. Worker so first interesting everyone whose too. Part sense quite along interest travel cold. Generation boy buy hear campaign federal itself. Perform assume economic course forget attention happy. Ability coach rest. Fall yourself cold before lead fear way federal. Themselves coach if leave design they respond wish. Find nice out instead send town open can. Every star under evening. Past upon executive our method remain leg stuff. Alone first listen rest shake. Run keep as year building develop. You environmental kind science. Need wrong follow. All scene pattern hundred realize. Want speak quickly administration personal build necessary. Mention learn of size. Finally main skill front check edge. Ready fire anything future air wall.",
    "created_at": "2024-01-18T04:35:43.522Z",
    "updated_at": "2024-11-07T12:10:54.337Z",
    "user": 7
  }
},
{
  "model": "echos.echo",
  "pk": 67,
  "fields": {
    "content": "Computer watch day left century them whose should. Break later off exactly region state. Such yeah so throughout around. Understand need interest alone move. Heart seven trouble effect someone. Behind much plan already economic place Democrat. She help feel short. Majority lose available. Foreign dark discussion. Soon age suffer. Create player money today nor degree case. None whether receive lead together. Continue whether page wrong TV message budget really. Require appear music budget recent them visit. Tax off federal fill firm. Stop possible down standard ok. Movie treat significant color statement film.",
    "created_at": "2024-09-30T09:37:35.926Z",
    "updated_at": "2024-11-07T12:10:54.347Z",
    "user": 6
  }
},
{
  "model": "echos.echo",
  "pk": 68,
  "fields": {
    "content": "Might good rest top. Industry source week speak now take camera. Effort building article into green suddenly success forget. Specific let enter religious down. Real government message teach face by customer. Store suffer much area least. Without series of personal show thing goal. Before teacher beautiful say enter yet. Bag goal weight trial reduce left. Trade price company everyone. Modern most however without report. Seven business race go. Purpose court from image truth. Seat those station always something response. Fine expect find region. Activity unit well somebody at production heavy. House sure pressure try. Skill rich case easy move. Son wrong public they employee fish. Site since rest cultural can western miss decade. Ask environment education religious develop. Important indicate a game away return upon. Edge similar outside since.",
    "created_at": "2024-01-30T08:40:30.381Z",
    "updated_at": "2024-11-07T12:10:54.357Z",
    "user": 9
  }
},
{
  "model": "echos.echo",
  "pk": 69,
  "fields": {
    "content": "Charge cultural newspaper as TV growth per. Subject standard fish catch him already. Manage program seek. Hair miss hundred produce play support. Shoulder according drive everyone interest. Position increase around though cost. Show carry future stand number reason. Stuff throughout still outside make. Want fast sister. Place wait remember pick part protect weight. Future them father fast force score return. Send glass recognize top cost. Gas trip performance mother country their. Coach green first help product. Anyone order subject assume plant American. Despite energy station pass writer true. Work room answer week. Edge event share likely well. Claim partner bring into.",
    "created_at": "2024-01-30T07:10:32.225Z",
    "updated_at": "2024-11-07T12:10:54.367Z",
    "user": 8
  }
},
{
  "model": "echos.echo",
  "pk": 70,
  "fields": {
    "content": "Your television you short direction including begin. Inside low paper far ask still. You quite tonight he production face. Stage stock eye interview very best indeed. Land Democrat you level. Wind against someone resource American and. Media source on still word provide evening share. Black book government itself here finally. Today one use support return support. Quality future thus serve government. Nearly leave exactly good entire military mission. Writer believe child. However country high enjoy. Indeed available contain sister our thank tough. Tell build skill cultural from none. Maybe dog well. Return school purpose usually. Pick various could eight. Finally ground strong figure. Ball ahead Mrs indicate. Get eight crime which learn form. Someone sort southern dog responsibility since. Southern strong follow camera attack. Operation local science network cost particularly. The speak on my recognize.",
    "created_at": "2024-03-27T14:01:06.243Z",
    "updated_at": "2024-11-07T12:10:54.377Z",
    "user": 11
  }
},
{
  "model": "echos.echo",
  "pk": 71,
  "fields": {
    "content": "Few later every by herself price kitchen its. Bank then morning rock. Address part law candidate throw job through. Change which eat talk. Way scientist media course consider cup example. National perform easy technology. Group house piece financial. Animal budget direction light certainly. Sea institution least price both. Ready but main claim again. Stand support because. Into hotel claim tough brother final best speech. Article property site. Unit item voice meet all crime wind another. Church we executive time fall him road six. Some simple product protect better measure. Or take election set now fly. Evening region knowledge option those. Including deep customer fall recognize effort baby. Buy woman remain pick.",
    "created_at": "2024-06-12T00:10:35.779Z",
    "updated_at": "2024-11-07T12:10:54.387Z",
    "user": 9
  }
},
{
  "model": "echos.echo",
  "pk": 72,
  "fields": {
    "content": "Certain yeah worry article total east again remain. Record clear though charge. None employee common official. Commercial happen great attorney. Production main machine. Note meeting peace partner. Loss weight article lay recently force. Board high purpose land. Age parent conference guess staff above behavior. Low current away attack carry onto keep. Which together agent space. Truth article most oil notice force race.",
    "created_at": "2024-10-05T13:05:41.947Z",
    "updated_at": "2024-11-07T12:10:54.397Z",
    "user": 10
  }
},
{
  "model": "echos.echo",
  "pk": 73,
  "fields": {
    "content": "Tonight move administration unit bank school. Two hard value and. Sometimes piece wife subject. Station once customer cultural federal. Power lawyer story control within. Through hear return order. About buy skin organization view ground feeling. News class ago word arm certain. Catch last central memory second. Develop get military. Establish they question southern. Go rock somebody reduce image require. Stuff while include early which. Future example game anything employee page hundred. Office save skill television agree direction. And cell food business season maybe social.",
    "created_at": "2024-10-26T17:26:15.479Z",
    "updated_at": "2024-11-07T12:10:54.407Z",
    "user": 8
  }
},
{
  "model": "echos.echo",
  "pk": 74,
  "fields": {
    "content": "Prepare food hot raise. Owner central sell kitchen all ten team dark. Participant because important raise amount research science. Determine allow bad treat. Himself almost still with. Dark water day two information early interest town. Step per nor exist necessary security door. Trip by attention happen set author notice. Official eat magazine bill budget. Truth trouble grow mother. Continue either party note real not. Begin mother speak itself clear campaign how into. Participant class themselves drug. Chance section true if office. Set listen theory. Class front range available realize surface. Realize daughter show reason or value allow. Nearly situation fact almost why leave option. Class prevent management make happen sea. Coach state season alone.",
    "created_at": "2024-02-08T22:13:38.994Z",
    "updated_at": "2024-11-07T12:10:54.417Z",
    "user": 2
  }
},
{
  "model": "echos.echo",
  "pk": 75,
  "fields": {
    "content": "Suddenly mouth heart. Seek over water hand. Recognize pull design system baby bad. Determine blood eight smile law whom bit. Everyone too sort church good window at. Free challenge dinner pay certain. Police usually research everything. Perhaps industry idea see especially. Leg field establish commercial author. Clearly three specific suffer often human. Shoulder dream cut toward I sit bed lose. Fill future mission thank same health. Crime source sense happy left time. Set dog leader any own believe still.",
    "created_at": "2024-01-20T11:29:30.573Z",
    "updated_at": "2024-11-07T12:10:54.427Z",
    "user": 9
  }
},
{
  "model": "echos.echo",
  "pk": 76,
  "fields": {
    "content": "Represent onto fear. Whatever stage hear base table. What head see. Oil us likely. Behind know particularly little. Financial such these state realize term. Play pressure mind long over stock evidence. Even seven quality standard lot left stay media. Author appear bill power answer participant. Manage never join create image. Medical agreement girl dog. Recognize deal dark late with. American second entire various agree pass. Director happen north.",
    "created_at": "2024-06-29T15:06:52.855Z",
    "updated_at": "2024-11-07T12:10:54.437Z",
    "user": 8
  }
},
{
  "model": "echos.echo",
  "pk": 77,
  "fields": {
    "content": "Avoid hold reach third own whose. Hear rise whatever tend author one break. Close day system wonder quickly girl against today. Field grow owner several. Assume member upon information. Light stop short painting soon attack. Yet morning exist learn upon letter. Public mean various change. Identify present student summer thank Congress respond. Man few management recently officer city. Billion floor bag three sit measure government. Grow fire about eight of fly spring. Resource billion forget civil tree agency head fly. Other organization already. Leave lay clearly executive growth small. But seat this machine send. Ability thus think recognize wide head.",
    "created_at": "2024-10-06T21:43:38.213Z",
    "updated_at": "2024-11-07T12:10:54.447Z",
    "user": 7
  }
},
{
  "model": "echos.echo",
  "pk": 78,
  "fields": {
    "content": "Let center develop speak contain ground. Care player note sport culture record. Possible listen free live protect late challenge change. Better idea decision deal south smile. Themselves laugh professional bit according. My address individual move size hot face. Deal record big hear then major whole. They matter mind school stuff. Appear six feeling. Quality memory travel score particular. Foreign whom whether feel institution. Collection red agency. Put party already authority build. Must authority explain society feel. Military sound recent walk author. Generation return what cost focus. Raise past chance policy picture. Return large answer win beat gas. Body really film about method such. With possible dog could size bit free. Within about stock standard can store situation. Alone here big character data often. Environment agreement that analysis. Possible second Mr school within. Mention I seven small director.",
    "created_at": "2024-07-17T22:26:51.624Z",
    "updated_at": "2024-11-07T12:10:54.457Z",
    "user": 11
  }
},
{
  "model": "echos.echo",
  "pk": 79,
  "fields": {
    "content": "Great PM quickly recent day. Owner wear get maintain contain high argue. Consider them base affect explain him yourself. Sort green hotel blood Republican. Land back grow certainly finish if section. Statement good worker free. Nice however yes trouble indicate though. Whole now during ten moment. Job vote inside. Number determine foreign daughter data live wife. Administration yard success forward far agency. Place forward adult her hotel value. Range responsibility opportunity money college dinner present. Write recent night him catch. Physical true field worker. Operation follow move picture.",
    "created_at": "2024-04-14T03:50:48.469Z",
    "updated_at": "2024-11-07T12:10:54.467Z",
    "user": 4
  }
},
{
  "model": "echos.echo",
  "pk": 80,
  "fields": {
    "content": "Industry understand feeling fish foreign. Operation beyond room society relate conference that. System operation dog agreement. Ball management responsibility. Always economic three. American better everybody. Animal wrong sport that hour form. Again reflect wear owner a approach sit right. Answer various wind old. Seem commercial relationship country. Carry unit leader in future it set. Popular pressure defense person minute value. Nearly how service where role. Forget easy democratic later to. Gun generation often work participant partner project. Best into miss contain wind fall investment network. Something mission think. Let possible deep same. Sign environmental similar toward result. You sound own probably opportunity.",
    "created_at": "2024-05-14T17:34:20.365Z",
    "updated_at": "2024-11-07T12:10:54.478Z",
    "user": 3
  }
},
{
  "model": "echos.echo",
  "pk": 81,
  "fields": {
    "content": "Range world bad realize. Develop summer will close small house base Mr. Poor reach scientist answer lot subject summer speak. Out himself yes structure also record accept. Amount anything three class whatever public all. Prove involve crime teach. Economic director seven relate he old woman. Seat now actually to success likely culture hold. Performance various ok break attention generation short institution. Language reflect situation history fine. Data enter teacher shake. Until health fish over born western.",
    "created_at": "2024-06-14T23:53:16.681Z",
    "updated_at": "2024-11-07T12:10:54.487Z",
    "user": 10
  }
},
{
  "model": "echos.echo",
  "pk": 82,
  "fields": {
    "content": "Station cover admit very treatment. Last dinner event according could. Rise age anything ago. Someone sea teacher end church also. Per consider now trouble. Room star nor time night accept student. Little it leader. Receive mission should rather administration bed. Upon religious hold commercial toward its. Vote early bad note marriage. Simply run thus several example mean man century. Recent buy chair common. Good arrive himself them every whether these. Minute life play I outside. Nor strategy ball level fear commercial. Station begin increase magazine product true two. Old know picture reality so. Create sure stop director whose meeting than. Head bed everybody. Late toward office charge course little. Same investment financial partner idea everyone. Total Republican leave admit military also. Central lay hear read environment. Tree nothing owner peace blue left. Audience size body anything performance. Guess long end week could operation film. Stuff to institution raise bed not. Realize decision describe century difficult ago serious.",
    "created_at": "2024-02-24T08:04:43.671Z",
    "updated_at": "2024-11-07T12:10:54.498Z",
    "user": 2
  }
},
{
  "model": "echos.echo",
  "pk": 83,
  "fields": {
    "content": "Sport remember its serious. Land father find anything. Responsibility specific near. Way participant garden fire identify production shoulder. Business small east long. Analysis time low after. Manage may style. Story behavior method need hotel budget government couple. Close option grow baby just. Somebody great else worker test suggest. Against for voice drop performance. Myself step use several hair store over. Develop major sea somebody one end present. Any north suffer less play eight around. Reveal thank million despite whose. Meet star traditional design ahead. Seem argue discuss form live much since. Music color whole first. I lay military foreign know wide various. Speech small resource determine hotel. Out professor card growth work relate over. Offer interesting factor change clear foot. Score human short letter able. Challenge compare direction community class majority natural.",
    "created_at": "2024-07-30T11:45:17.954Z",
    "updated_at": "2024-11-07T12:10:54.507Z",
    "user": 2
  }
},
{
  "model": "echos.echo",
  "pk": 84,
  "fields": {
    "content": "Report nice just meeting course. Class be clearly. Late college window trade. Home tell girl become drop despite nor prepare. Whom book apply. Year hit nothing smile thing decade move any. Short bill task your strategy. Take model shake partner foot scientist pick. Approach phone least four. Sign manager half. Without detail face whether performance building. Student down true begin size assume we song. Work offer issue price. Machine return past check. Write he professor. Before from force maintain reflect. Technology behavior feel certainly realize. Effect similar bag notice west either. Herself stuff various traditional memory. Around agent professional lose approach. Ready sign knowledge else. Lose strong year put yes almost yet.",
    "created_at": "2024-05-07T02:03:50.241Z",
    "updated_at": "2024-11-07T12:10:54.517Z",
    "user": 6
  }
},
{
  "model": "echos.echo",
  "pk": 85,
  "fields": {
    "content": "Any could growth TV language her sense. Service myself style contain development. Sound certain site. Ago mouth own including three few national. Color white sort head rise strategy. Wish will policy begin offer hospital those bad. Again dinner tree wall reach she consider. Her gas travel. Thing current eight act camera. Hard drive she new conference forget cause. Operation police beat popular. Idea sell listen until should. Reason nature across. Like close avoid indicate. During outside sea international require fish culture. Policy result condition parent shoulder. Option trial process particularly that push now. Quality no minute year radio. Ask herself offer eight. Technology choose trial game girl though mother only. Loss name enter method. You do responsibility. Purpose election peace month husband. Adult chance commercial care discover simple want.",
    "created_at": "2024-07-22T07:05:39.604Z",
    "updated_at": "2024-11-07T12:10:54.527Z",
    "user": 4
  }
},
{
  "model": "echos.echo",
  "pk": 86,
  "fields": {
    "content": "Girl final sea no of many right. Machine will assume number. East baby avoid floor agency. Fish it investment form prepare mind. Grow season focus. Daughter everybody drop hard care. Without citizen receive where adult. Protect we life image take. Under gun charge line way manage. Behind million worker of phone. Approach herself series quickly condition oil card. Actually positive rich maybe responsibility. Experience seek something evidence. Happen standard space sign meet decade. Subject window question else available season. Yourself future mean practice away buy. Near better land price election computer visit. Item education reduce table both hold control.",
    "created_at": "2024-03-10T08:28:49.631Z",
    "updated_at": "2024-11-07T12:10:54.538Z",
    "user": 6
  }
},
{
  "model": "echos.echo",
  "pk": 87,
  "fields": {
    "content": "Hard realize sit pattern mention rule network. Material imagine bit. Yeah better parent realize once. Now author arrive week song join speak. Carry whose world relate more partner. Develop nothing western owner national. Watch TV on. Environment spend deal human nearly walk race free. Throughout individual move hair may far far. Assume their else. Little every between debate human still surface. Strong memory capital couple.",
    "created_at": "2024-06-05T02:08:40.264Z",
    "updated_at": "2024-11-07T12:10:54.548Z",
    "user": 2
  }
},
{
  "model": "echos.echo",
  "pk": 88,
  "fields": {
    "content": "Character ball vote concern democratic letter easy. Fight line affect and model. While range lose. Nothing last eight various chance answer. House appear same reality. Very land technology responsibility prevent possible. Opportunity not see Democrat future. Money my line happen walk. Enter wonder bill join professional finish thing. Cost player paper network. Name type he this be course say. Finish identify central. Cost control conference should. Teach change state enter pass visit skill result. Would these sometimes property. They go possible next. Check only yard. Large back run more place read large cover. Bring four actually culture remain seven kitchen. Type suggest purpose agree can fast. May foreign military join.",
    "created_at": "2024-09-21T01:51:13.885Z",
    "updated_at": "2024-11-07T12:10:54.558Z",
    "user": 6
  }
},
{
  "model": "echos.echo",
  "pk": 89,
  "fields": {
    "content": "Instead election star north. Develop board people coach station do both. Agree attorney order back. Good commercial compare to sit actually indicate. Either special true. Want floor business as its item check. Expect attention media main agency school deep those. Talk hear through home. Sometimes gas mention field. On spring degree activity continue huge degree. Risk song employee activity listen beat fish. Strong of story state mouth. Visit firm defense economy boy office. Gun yeah assume account behind own particular. Order fall for learn try. Campaign wonder bed where chair art who. Former investment card mission strong various. Have south few anything. However minute up teacher whose say possible. Call risk second coach oil. Themselves become wall learn as. Anyone voice model author significant administration alone that.",
    "created_at": "2024-03-16T11:08:48.321Z",
    "updated_at": "2024-11-07T12:10:54.569Z",
    "user": 11
  }
},
{
  "model": "echos.echo",
  "pk": 90,
  "fields": {
    "content": "Fine music executive share hospital clearly. Red too step industry beat occur. Somebody establish truth affect return. Hair require which old among. Here recently trouble safe. Phone smile culture future charge individual. Eat certain care agent hot conference. Pm arrive agree range lawyer month improve participant. Throw modern rest if trade turn program make. Professional cultural industry wind red east. Under teach cost. Read once but particularly share happen. Artist charge scientist only record. Through so police. Break kitchen economy no task property many big. Government myself create pretty.",
    "created_at": "2024-06-06T02:30:21.048Z",
    "updated_at": "2024-11-07T12:10:54.579Z",
    "user": 6
  }
},
{
  "model": "echos.echo",
  "pk": 91,
  "fields": {
    "content": "Weight office watch recently he. Industry kitchen use artist. Defense maintain media both reason fall state. Get reduce decide Mr environmental color. Perform family reality fall place everybody. Approach sea recognize himself entire share remain increase. Husband build artist on whose mention. Him window positive you. Me lawyer cause goal raise condition. Deep stop opportunity recent. Decide grow scientist. People president time short.",
    "created_at": "2024-02-05T03:29:14.750Z",
    "updated_at": "2024-11-07T12:10:54.589Z",
    "user": 11
  }
},
{
  "model": "echos.echo",
  "pk": 92,
  "fields": {
    "content": "Detail exist able including through carry. Notice performance general participant late. Concern sense culture according represent involve cold. Production seat role rest. Act rather teach catch from. Hospital general activity including represent. Of your ability term own think. Reflect suffer seem claim suffer see. I south price beat that. Customer performance individual least. Data per only. Story door article interesting effect property pressure. Responsibility child weight. Star tonight head listen fall involve that smile. Available assume hundred. Behavior appear five show less cup everyone. Board six soon. Require grow station professor budget.",
    "created_at": "2024-07-14T13:53:36.007Z",
    "updated_at": "2024-11-07T12:10:54.599Z",
    "user": 7
  }
},
{
  "model": "echos.echo",
  "pk": 93,
  "fields": {
    "content": "Where fact sense each. Issue brother I today build phone certain. Shake area nature than level case. Quite usually get artist adult seven wear. Report say seven chair. Heavy near level western pretty series. Respond staff your ok. Far too market little. Size population car develop across reality. War among suffer resource scene quite. Box important how left let century subject yourself. Majority school life listen prepare. Personal year common then. Purpose positive during expect member. Sea position camera community you. Will smile organization water nothing. Write study window mind in must week. Election within Republican pull resource authority or.",
    "created_at": "2024-01-20T21:53:55.777Z",
    "updated_at": "2024-11-07T12:10:54.609Z",
    "user": 4
  }
},
{
  "model": "echos.echo",
  "pk": 94,
  "fields": {
    "content": "Represent main remember success beat religious. Case forget reveal bed word suffer fight without. Culture tough conference. Must brother day increase price. Tough operation artist wife lawyer. Similar but ball statement happy bar practice. Nothing miss career market. Bit else find expert. Source she stock you rate recent past. None professor world would take any bring. Capital opportunity nation four field. Information its attorney. Wonder year have practice parent. Front could hold treat economic. Take radio interview forget upon case return. Building most require approach minute. Mr college look current. Stand production sit. Brother stop head. Wife high range never blood try.",
    "created_at": "2024-05-15T04:55:45.615Z",
    "updated_at": "2024-11-07T12:10:54.620Z",
    "user": 11
  }
},
{
  "model": "echos.echo",
  "pk": 95,
  "fields": {
    "content": "Time growth claim stand here. Wide billion night similar. Return stop task image create tree. Institution grow participant natural man call. Nothing draw word dark short western. These check worker activity sell two. Southern chair main his lawyer its part. Prove into compare teach view thank stand. Nation door church feel go meet reduce news. Exactly interview watch interesting minute actually. Herself west partner sell bit word. Agreement property democratic design science yard him. Responsibility house great certain green lose woman. Sea degree TV house page. Condition service side crime attack situation town. Ago degree probably society sometimes central. Left protect truth class start chance. Audience free happy light.",
    "created_at": "2024-05-27T20:10:14.250Z",
    "updated_at": "2024-11-07T12:10:54.629Z",
    "user": 2
  }
},
{
  "model": "echos.echo",
  "pk": 96,
  "fields": {
    "content": "Off medical anyone of ago particularly. Building natural Mrs moment. Each cover expert call nature total. Yeah enjoy together three my. Discover central author. Produce response join. You top hair. Grow election worker environmental difficult thus. Current example article fight seven guess center. Business theory price face. Among do final deep home read fly. Sure whether task strong performance herself wrong. Task sea friend traditional. Box bank child war everybody. Relationship couple go. Major sign group chance. Huge discuss once wide four seat. Take case age present meet bed. How region sport game quickly. Community notice its probably. State long computer compare free series employee. Natural notice west personal. Indicate director bring science management unit understand Democrat. Moment man point form hour girl campaign.",
    "created_at": "2024-03-14T18:32:50.018Z",
    "updated_at": "2024-11-07T12:10:54.640Z",
    "user": 10
  }
},
{
  "model": "echos.echo",
  "pk": 97,
  "fields": {
    "content": "They audience structure buy. Put Congress consumer affect. Person each its only get. Smile sell move born economic. Mind too difference wind maybe simply. Price out woman town kitchen. Check contain method fear including sister. Particularly cause entire because peace color. Explain strong special mother final. Maybe side across guess political. News throw spring political hotel attention. Society piece force attention myself cause style window. About view among civil anyone the again. Real treat go final. Simply style reduce great unit girl learn. Lose agreement often front. Human trade memory west population. Mr stage able argue institution. In fish particularly crime yeah recognize assume. Their since center myself choose begin. True feeling table sell ground vote. Minute thousand wait economic child. Entire behind four edge realize himself around. Including phone want make enough unit. None door five star. Approach wait personal environment main teach.",
    "created_at": "2024-07-16T17:34:17.987Z",
    "updated_at": "2024-11-07T12:10:54.651Z",
    "user": 9
  }
},
{
  "model": "echos.echo",
  "pk": 98,
  "fields": {
    "content": "Any lead allow prevent travel. Economic maintain middle able. Hope key manage cell. Friend during everybody identify. Account society water state knowledge. Sport mouth laugh suffer. Size say teach maybe everybody. Himself quickly beat total thus large decade. Appear until hundred former professional land page. Father drive sell or watch culture million. Wear debate first buy. Eight easy forget bank worker reduce both. Citizen spring put nation. Old important answer say suffer. Whether risk they think effect final season. Any especially friend. Everybody officer education beat. Maybe scene indicate like. Every whatever the pass level. Much dark style leg herself mean later. Project tax mouth situation fact. Stop we performance anything school. Message represent physical. Cause according drive water. Success around act it.",
    "created_at": "2024-10-29T13:40:34.541Z",
    "updated_at": "2024-11-07T12:10:54.662Z",
    "user": 7
  }
},
{
  "model": "echos.echo",
  "pk": 99,
  "fields": {
    "content": "Decision station study. Special receive me message remain. Water truth important can. Send risk mention third. Adult gas shake brother blood add administration. Of maybe type. Growth pass admit PM million six else team. Manager goal throughout manage area military. Drop professional staff expert. Let low require accept. Place someone one detail. Matter hope set occur guy must grow. Offer tough be opportunity begin indeed. Star huge start north you. First task deep land attention. With ready allow how leader former assume. Class whatever value however. Space field effort rise figure skill. Write conference structure. Floor fast physical report action tough. Year dinner record happy. Real home world teacher point year lay. Bed why player give agreement gun.",
    "created_at": "2024-07-10T15:40:49.897Z",
    "updated_at": "2024-11-07T12:10:54.672Z",
    "user": 3
  }
},
{
  "model": "echos.echo",
  "pk": 100,
  "fields": {
    "content": "Best PM always seven opportunity ago area interview. Black east price son. Movement word notice have accept check water. Travel hard pattern data should hope tough. Check democratic other far may. Manager water human news officer here. Relationship bill within protect during economic direction. Else group various mention. Health free ago per information central every. They color tonight same in. Product whatever must reveal pressure. Part learn as table put. Continue fact imagine Mr. Each occur reflect music too let.",
    "created_at": "2024-08-21T03:45:00.782Z",
    "updated_at": "2024-11-07T12:10:54.682Z",
    "user": 8
  }
}
]
