[
{
  "model": "users.profile",
  "pk": 1,
  "fields": {
    "user": 2,
    "avatar": "avatars/noavatar.png",
    "bio": "Throw recent weight career analysis fly. Relationship least early court life. Suggest those different fast sing street time. Two soldier ahead to stock relationship son. Until really decide key. Candidate account produce good box. Receive interview science west decade style since. Expert fight ever establish will try service. Why prove week then crime soldier hair. Production evidence over then history cell four pattern. Reflect discussion off base minute east."
  }
},
{
  "model": "users.profile",
  "pk": 2,
  "fields": {
    "user": 3,
    "avatar": "avatars/noavatar.png",
    "bio": "Because action player do hold true. Present cut quite ok though tough think. Reflect several upon despite. Seat the service by kid. They for item measure fast. Standard store take direction."
  }
},
{
  "model": "users.profile",
  "pk": 3,
  "fields": {
    "user": 4,
    "avatar": "avatars/noavatar.png",
    "bio": "Write American and reduce look development kid. Society year bit side event edge condition. Stage popular charge energy food. Car business time. Whatever nature despite serve research. Soldier tax until inside beautiful tree popular. Institution nice under member."
  }
},
{
  "model": "users.profile",
  "pk": 4,
  "fields": {
    "user": 5,
    "avatar": "avatars/noavatar.png",
    "bio": "Represent only blood which. Market wind station treatment surface. Better policy better message large. Crime blood by support low how. Decade tend stay choose someone. Area begin ability. Event small amount business rock up set. She choice follow cover. Role foot yes cover activity. Administration artist many through. Develop must attorney example voice."
  }
},
{
  "model": "users.profile",
  "pk": 5,
  "fields": {
    "user": 6,
    "avatar": "avatars/noavatar.png",
    "bio": "Line less room hand author. Pay cause carry I effect day operation case. Despite even through stage body produce send. Under democratic professional beautiful mouth need environment condition. Move design eight quite central smile control. Decide almost who politics several partner. Surface better list."
  }
},
{
  "model": "users.profile",
  "pk": 6,
  "fields": {
    "user": 7,
    "avatar": "avatars/noavatar.png",
    "bio": "Director score white role. Report hour company democratic Mrs front. Stuff structure decision skin father imagine over. Recent option manage painting. Bank see I central situation expect type. Fish reduce increase rock benefit. See color choice concern air these up. Have into add discover. Visit capital challenge key usually customer catch. Final personal common real dream respond. Nice son study response almost likely. Analysis answer send."
  }
},
{
  "model": "users.profile",
  "pk": 7,
  "fields": {
    "user": 8,
    "avatar": "avatars/noavatar.png",
    "bio": "People manager far state positive. Research wait money today. Carry local culture partner enjoy. Quality firm unit course food. Hope another across population. Suggest dinner his color. Husband great statement nice television. Join board doctor bed science."
  }
},
{
  "model": "users.profile",
  "pk": 8,
  "fields": {
    "user": 9,
    "avatar": "avatars/noavatar.png",
    "bio": "Us community world institution gun nation voice about. Room answer be challenge Mrs. Reality decision country customer. Each prove pull. Understand page nice side she tough smile. Here month public improve agreement safe subject. Chance girl power difference realize can. President approach away simply down wind. Turn machine happy something manage ask many. Best daughter current same way discussion during. Watch ahead step artist fear argue require scene. Hope line wife music. Likely enough see represent."
  }
},
{
  "model": "users.profile",
  "pk": 9,
  "fields": {
    "user": 10,
    "avatar": "avatars/noavatar.png",
    "bio": "Born future everyone one group. Send why population process want themselves. Even where area happen future resource these. Reflect doctor mouth. Late theory other building state admit occur. Building determine plant how relationship second. Society big such represent drop. More realize new part although player identify. Control second knowledge. Want parent husband certainly key behind campaign voice."
  }
},
{
  "model": "users.profile",
  "pk": 10,
  "fields": {
    "user": 11,
    "avatar": "avatars/noavatar.png",
    "bio": "Sort buy federal sound young. Action chance late imagine sing play discussion. Picture majority task crime. Miss wait people more. Drive open region. Own show ok site."
  }
}
]
